code,area,term,year,status,delivery
PTH 101,PTH,Fall,,typical,Spring Hill
PTH 102,PTH,Spring,,typical,Spring Hill
ENG 121,ENG,Fall,,typical,Spring Hill
ENG 123,ENG,Fall,,typical,Spring Hill
ENG 242,ENG,Fall,,typical,Spring Hill
ENG 243,ENG,Fall,,typical,Spring Hill
ENG 276,ENG,Fall,,typical,Spring Hill
ENG 123,ENG,Spring,,typical,Spring Hill
ENG 240,ENG,Spring,,typical,Spring Hill
ENG 241,ENG,Spring,,typical,Spring Hill
ENG 242,ENG,Spring,,typical,Spring Hill
ENG 123,ENG,Summer,,typical,Spring Hill
PHL 101,PHL,Fall,,typical,Spring Hill
PHL 190,PHL,Fall,,typical,Spring Hill
PHL 210,PHL,Fall,,typical,Spring Hill
PHL 101,PHL,Spring,,typical,Spring Hill
PHL 214,PHL,Spring,,typical,Spring Hill
PHL 292,PHL,Spring,,typical,Spring Hill
PHL 101,PHL,Summer,,typical,Spring Hill
THL 101,THL,Fall,,typical,Spring Hill
THL 242,THL,Fall,,typical,Spring Hill
THL 250,THL,Fall,,typical,Spring Hill
THL 261,THL,Fall,,typical,Spring Hill
THL 101,THL,Spring,,typical,Spring Hill
THL 190,THL,Spring,,typical,Spring Hill
THL 232,THL,Spring,,typical,Spring Hill
THL 242,THL,Spring,,typical,Spring Hill
THL 250,THL,Spring,,typical,Spring Hill
THL 261,THL,Spring,,typical,Spring Hill
THL 101,THL,Summer,,typical,Spring Hill
THL 250,THL,Summer,,typical,Spring Hill
SPA 101,Language,Fall,,typical,Spring Hill
FRE 101,Language,Fall,,typical,Spring Hill
ITA 101,Language,Fall,,typical,Spring Hill
SPA 102,Language,Spring,,typical,Spring Hill
FRE 102,Language,Spring,,typical,Spring Hill
ITA 102,Language,Spring,,typical,Spring Hill
SPA 101,Language,Summer,,typical,Spring Hill
SPA 102,Language,Summer,,typical,Spring Hill
MTH 100,MTH,Fall,,typical,Spring Hill
MTH 101,MTH,Fall,,typical,Spring Hill
MTH 111,MTH,Fall,,typical,Spring Hill
MTH 121,MTH,Fall,,typical,Spring Hill
MTH 163,MTH,Fall,,typical,Spring Hill
MTH 223,MTH,Fall,,typical,Spring Hill
MTH 322,MTH,Fall,,typical,Spring Hill
MTH 451,MTH,Fall,,typical,Spring Hill
MTH 464,MTH,Fall,,typical,Spring Hill
MTH 482,MTH,Fall,,typical,Spring Hill
MTH 100,MTH,Spring,,typical,Spring Hill
MTH 101,MTH,Spring,,typical,Spring Hill
MTH 111,MTH,Spring,,typical,Spring Hill
MTH 121,MTH,Spring,,typical,Spring Hill
MTH 122,MTH,Spring,,typical,Spring Hill
MTH 163,MTH,Spring,,typical,Spring Hill
MTH 221,MTH,Spring,,typical,Spring Hill
MTH 261,MTH,Spring,,typical,Spring Hill
MTH 301,MTH,Spring,,typical,Spring Hill
MTH 365,MTH,Spring,,typical,Spring Hill
MTH 423,MTH,Spring,,typical,Spring Hill
MTH 491,MTH,Spring,,typical,Spring Hill
MTH 111,MTH,Summer,,typical,Spring Hill
MTH 163,MTH,Summer,,typical,Spring Hill
MTH 121,MTH,Summer,,typical,Spring Hill
HIS 110,HIS,Fall,,typical,Spring Hill
HIS 213,HIS,Fall,,typical,Spring Hill
HIS 214,HIS,Fall,,typical,Spring Hill
HIS 110,HIS,Spring,,typical,Spring Hill
HIS 120,HIS,Spring,,typical,Spring Hill
HIS 212,HIS,Spring,,typical,Spring Hill
HIS 214,HIS,Summer,,typical,Spring Hill
POL 112,POL,Fall,,typical,Spring Hill
POL 151,POL,Fall,,typical,Spring Hill
POL 112,POL,Spring,,typical,Spring Hill
POL 161,POL,Spring,,typical,Spring Hill
POL 151,POL,Summer,,typical,Spring Hill
BIO 101,BIO,Fall,,typical,Spring Hill
BIO 103,BIO,Fall,,typical,Spring Hill
BIO 120,BIO,Fall,,typical,Spring Hill
BIO 125,BIO,Fall,,typical,Spring Hill
BIO 140,BIO,Fall,,typical,Spring Hill
BIO 101,BIO,Summer,,typical,Spring Hill
BIO 120,BIO,Summer,,typical,Spring Hill
CHM 111,CHM,Fall,,typical,Spring Hill
CHM 113,CHM,Fall,,typical,Spring Hill
CHM 115,CHM,Fall,,typical,Spring Hill
CHM 112,CHM,Spring,,typical,Spring Hill
CHM 114,CHM,Spring,,typical,Spring Hill
PHY 115,PHY,Fall,,typical,Spring Hill
PHY 201,PHY,Fall,,typical,Spring Hill
PHY 221,PHY,Fall,,typical,Spring Hill
PHY 213,PHY,Fall,,typical,Spring Hill
PHY 202,PHY,Spring,,typical,Spring Hill
PHY 222,PHY,Spring,,typical,Spring Hill
PHY 214,PHY,Spring,,typical,Spring Hill
CSC 100,CSC,Fall,,typical,Spring Hill
CSC 202,CSC,Fall,,typical,Spring Hill
CSC 210,CSC,Fall,,typical,Spring Hill
CSC 311,CSC,Fall,,typical,Spring Hill
CSC 320,CSC,Fall,,typical,Spring Hill
CSC 341,CSC,Fall,,typical,Spring Hill
CSC 101,CSC,Spring,,typical,Spring Hill
CSC 203,CSC,Spring,,typical,Spring Hill
CSC 312,CSC,Spring,,typical,Spring Hill
CSC 321,CSC,Spring,,typical,Spring Hill
CSC 414,CSC,Spring,,typical,Spring Hill
CSC 431,CSC,Spring,,typical,Spring Hill
DSC 240,DSC,Fall,,typical,Spring Hill
DSC 443,DSC,Fall,,typical,Spring Hill
DSC 442,DSC,Spring,,typical,Spring Hill
DSC 499,DSC,Spring,,typical,Spring Hill
PSY 101,PSY,Fall,,typical,Spring Hill
PSY 150,PSY,Fall,,typical,Spring Hill
PSY 101,PSY,Spring,,typical,Spring Hill
PSY 101,PSY,Summer,,typical,Spring Hill
PSY 263,PSY,Summer,,typical,Spring Hill
ECO 101,ECO,Fall,,typical,Spring Hill
ECO 102,ECO,Spring,,typical,Spring Hill
ECO 101,ECO,Summer,,typical,Spring Hill
ECO 102,ECO,Summer,,typical,Spring Hill
SOC 101,SOC,Fall,,typical,Spring Hill
SOC 101,SOC,Spring,,typical,Spring Hill
ART 101,ART,Fall,,typical,Spring Hill
ART 102,ART,Fall,,typical,Spring Hill
ART 103,ART,Fall,,typical,Spring Hill
ART 101,ART,Spring,,typical,Spring Hill
ART 103,ART,Spring,,typical,Spring Hill
THR 245,THR,Fall,,typical,Spring Hill
THR 250,THR,Spring,,typical,Spring Hill
BUS 263,Statistics,Summer,,typical,Spring Hill
PTH 101,PTH,Fall,2026,current,Spring Hill
ENG 121,ENG,Fall,2026,current,Spring Hill
ENG 123,ENG,Fall,2026,current,Spring Hill
ENG 242,ENG,Fall,2026,current,Spring Hill
ENG 243,ENG,Fall,2026,current,Spring Hill
ENG 276,ENG,Fall,2026,current,Spring Hill
PHL 101,PHL,Fall,2026,current,Spring Hill
PHL 190,PHL,Fall,2026,current,Spring Hill
PHL 210,PHL,Fall,2026,current,Spring Hill
THL 101,THL,Fall,2026,current,Spring Hill
THL 242,THL,Fall,2026,current,Spring Hill
THL 250,THL,Fall,2026,current,Spring Hill
THL 261,THL,Fall,2026,current,Spring Hill
SPA 101,Language,Fall,2026,current,Spring Hill
FRE 101,Language,Fall,2026,current,Spring Hill
ITA 101,Language,Fall,2026,current,Spring Hill
MTH 100,MTH,Fall,2026,current,Spring Hill
MTH 101,MTH,Fall,2026,current,Spring Hill
MTH 111,MTH,Fall,2026,current,Spring Hill
MTH 121,MTH,Fall,2026,current,Spring Hill
MTH 163,MTH,Fall,2026,current,Spring Hill
MTH 223,MTH,Fall,2026,current,Spring Hill
MTH 322,MTH,Fall,2026,current,Spring Hill
MTH 451,MTH,Fall,2026,current,Spring Hill
MTH 464,MTH,Fall,2026,current,Spring Hill
MTH 482,MTH,Fall,2026,current,Spring Hill
HIS 110,HIS,Fall,2026,current,Spring Hill
HIS 213,HIS,Fall,2026,current,Spring Hill
HIS 214,HIS,Fall,2026,current,Spring Hill
POL 112,POL,Fall,2026,current,Spring Hill
POL 151,POL,Fall,2026,current,Spring Hill
BIO 101,BIO,Fall,2026,current,Spring Hill
BIO 103,BIO,Fall,2026,current,Spring Hill
BIO 120,BIO,Fall,2026,current,Spring Hill
BIO 125,BIO,Fall,2026,current,Spring Hill
BIO 140,BIO,Fall,2026,current,Spring Hill
CHM 111,CHM,Fall,2026,current,Spring Hill
CHM 113,CHM,Fall,2026,current,Spring Hill
CHM 115,CHM,Fall,2026,current,Spring Hill
PHY 115,PHY,Fall,2026,current,Spring Hill
PHY 201,PHY,Fall,2026,current,Spring Hill
PHY 221,PHY,Fall,2026,current,Spring Hill
PHY 213,PHY,Fall,2026,current,Spring Hill
CSC 100,CSC,Fall,2026,current,Spring Hill
CSC 202,CSC,Fall,2026,current,Spring Hill
CSC 210,CSC,Fall,2026,current,Spring Hill
CSC 311,CSC,Fall,2026,current,Spring Hill
CSC 320,CSC,Fall,2026,current,Spring Hill
CSC 341,CSC,Fall,2026,current,Spring Hill
DSC 240,DSC,Fall,2026,current,Spring Hill
DSC 443,DSC,Fall,2026,current,Spring Hill
PSY 101,PSY,Fall,2026,current,Spring Hill
PSY 150,PSY,Fall,2026,current,Spring Hill
ECO 101,ECO,Fall,2026,current,Spring Hill
SOC 101,SOC,Fall,2026,current,Spring Hill
ART 101,ART,Fall,2026,current,Spring Hill
ART 102,ART,Fall,2026,current,Spring Hill
ART 103,ART,Fall,2026,current,Spring Hill
THR 245,THR,Fall,2026,current,Spring Hill
