term,term_code,start_date,end_date,section_id,course_code,section,course_title,credit_hours,days,begin_time,end_time,modality,building,room,location,instructor,comments,registered,capacity
Fall 2026,FA,2026-08-24,2026-12-11,ACC201-01,ACC 201,01,PRINC OF ACCOUNTING I,3,MWF,10:15 AM,11:05 AM,In person,YH,203,YH 203,"Murchison, C",,25,35
Fall 2026,FA,2026-08-24,2026-12-11,ACC201-02,ACC 201,02,PRINC OF ACCOUNTING I,3,MWF,11:15 AM,12:05 PM,In person,YH,203,YH 203,"Murchison, C",,7,35
Fall 2026,FA,2026-08-24,2026-12-11,ACC301-01,ACC 301,01,INTERMEDIATE ACCOUNTING I,3,TR,10:50 AM,12:05 PM,In person,YH,,YH,"Murchison, C",ACC202,3,35
Fall 2026,FA,2026-08-24,2026-12-11,ACC351-01,ACC 351,01,FEDERAL INCOME TAX,3,MWF,8:15 AM,9:05 AM,In person,YH,206,YH 206,"Sharp, A",ACC202,3,20
Fall 2026,FA,2026-08-24,2026-12-11,ACC381-01,ACC 381,01,INFORMATION SYSTEMS,3,TR,1:45 PM,3:00 PM,In person,BL,031,BL 031,"Khoury, S",Junior standing,5,10
Fall 2026,FA,2026-08-24,2026-12-11,ACC401-01,ACC 401,01,ADV FINANCIAL ACCOUNTING,3,TR,9:25 AM,10:40 AM,In person,YH,,YH,"Murchison, C",ACC302,3,35
Fall 2026,FA,2026-08-24,2026-12-11,ACC496-01,ACC 496,01,ACCOUNTING INTERNSHIP,1,,,,Online,OLC,OLC,OLC OLC,"Larriviere, N",By permission,0,10
Fall 2026,FA,2026-08-24,2026-12-11,ACC496-02,ACC 496,02,ACCOUNTING INTERNSHIP,2,,,,Online,OLC,OLC,OLC OLC,"Larriviere, N",By permission,0,10
Fall 2026,FA,2026-08-24,2026-12-11,ACC496-03,ACC 496,03,ACCOUNTING INTERNSHIP,3,,,,Online,OLC,OLC,OLC OLC,"Larriviere, N",By permission,0,10
Fall 2026,FA,2026-08-24,2026-12-11,ARH100-01,ARH 100,01,ART APPRECIATION,3,MW,1:45 PM,3:00 PM,In person,FA,211,FA 211,"Raouf, L",,12,12
Fall 2026,FA,2026-08-24,2026-12-11,ARH315-01,ARH 315,01,HISTORY OF GRAPHIC DESIGN,3,,,,Online,OLC,OLC,OLC OLC,"Hatley, R",,9,15
Fall 2026,FA,2026-08-24,2026-12-11,ART101-01,ART 101,01,FOUNDATIONS OF ART,3,MW,1:45 PM,4:00 PM,In person,FA,105,FA 105,"Sullivan, W",,3,18
Fall 2026,FA,2026-08-24,2026-12-11,ART102-01,ART 102,01,INTRODUCTION TO DRAWING,3,TR,1:45 PM,4:00 PM,In person,FA,210,FA 210,"Sullivan, W",,6,18
Fall 2026,FA,2026-08-24,2026-12-11,ART103-01,ART 103,01,CERAMICS I,3,MW,8:15 AM,10:30 AM,In person,FA,109,FA 109,"Miller, K",,5,10
Fall 2026,FA,2026-08-24,2026-12-11,ART208-01,ART 208,01,INTRO TO DIGITAL DESIGN,3,MW,8:15 AM,10:30 AM,In person,LAC,204,LAC 204,"Hatley, R",,6,15
Fall 2026,FA,2026-08-24,2026-12-11,ART220-01,ART 220,01,GRAPHIC DESIGN I,3,TR,9:25 AM,11:40 AM,In person,LAC,204,LAC 204,"Hatley, R","ART101, 102, 208",4,15
Fall 2026,FA,2026-08-24,2026-12-11,ART254-02,ART 254,02,INTRO TO PHOTOGRAPHY,3,TR,1:45 PM,3:00 PM,In person,LAC,204,LAC 204,"Dollison, R",Camera may be borrowed,8,15
Fall 2026,FA,2026-08-24,2026-12-11,ART301-01,ART 301,01,ADVANCED DRAWING,3,TR,1:45 PM,4:00 PM,In person,FA,210,FA 210,"Sullivan, W",ART202,2,5
Fall 2026,FA,2026-08-24,2026-12-11,ART303-01,ART 303,01,CERAMICS II,3,MW,8:15 AM,10:30 AM,In person,FA,109,FA 109,"Miller, K",ART103,0,5
Fall 2026,FA,2026-08-24,2026-12-11,ART320-01,ART 320,01,GRAPHIC DESIGN II,3,TR,9:25 AM,11:40 AM,In person,LAC,204,LAC 204,"Hatley, R",ART220,5,15
Fall 2026,FA,2026-08-24,2026-12-11,ART371-01,ART 371,01,UX/UI DESIGN,3,,,,Online,OLC,OLC,OLC OLC,"Shiraiwa, Y",,7,15
Fall 2026,FA,2026-08-24,2026-12-11,ART490-01,ART 490,01,VISUAL ARTS INTERNSHIP,3,,,,Online,OLC,OLC,OLC OLC,"Larriviere, N",By permission,0,5
Fall 2026,FA,2026-08-24,2026-12-11,BIO101-01,BIO 101,01,PRINCIPLES OF BIOLOGY,3,TR,9:25 AM,10:40 AM,In person,BY,108,BY 108,"Culberson, D",,7,30
Fall 2026,FA,2026-08-24,2026-12-11,BIO101-02,BIO 101,02,PRINCIPLES OF BIOLOGY,3,MWF,9:15 AM,10:05 AM,In person,BY,108,BY 108,"Kohnen, P",,5,30
Fall 2026,FA,2026-08-24,2026-12-11,BIO103-01,BIO 103,01,PRINCIPLES OF BIOLOGY LAB,1,M,1:15 PM,3:05 PM,In person,BY,117,BY 117,"Kohnen, P",Coreq BIO101,4,15
Fall 2026,FA,2026-08-24,2026-12-11,BIO103-02,BIO 103,02,PRINCIPLES OF BIOLOGY LAB,1,M,3:15 PM,5:05 PM,In person,BY,117,BY 117,"Kohnen, P",Coreq BIO101,4,15
Fall 2026,FA,2026-08-24,2026-12-11,BIO103-03,BIO 103,03,PRINCIPLES OF BIOLOGY LAB,1,T,1:15 PM,3:05 PM,In person,BY,117,BY 117,"Kohnen, P",Coreq BIO101,4,15
Fall 2026,FA,2026-08-24,2026-12-11,BIO103-04,BIO 103,04,PRINCIPLES OF BIOLOGY LAB,1,T,3:15 PM,5:05 PM,In person,BY,117,BY 117,"Kohnen, P",Coreq BIO101,1,15
Fall 2026,FA,2026-08-24,2026-12-11,BIO120-01,BIO 120,01,FARMS TO PHARMACEUTICALS,3,MWF,10:15 AM,11:05 AM,In person,BY,117,BY 117,"Kohnen, P",Fulfills Science core,16,20
Fall 2026,FA,2026-08-24,2026-12-11,BIO125-01,BIO 125,01,PANDEMICS,3,TR,10:50 AM,12:05 PM,In person,BY,108,BY 108,"Fox, D",Fulfills Science core,6,20
Fall 2026,FA,2026-08-24,2026-12-11,BIO140-01,BIO 140,01,STEM COMMUNITY SERVICE SEMINAR,1,T,1:15 PM,3:00 PM,In person,BY,108,BY 108,"Fox, D",By permission,1,12
Fall 2026,FA,2026-08-24,2026-12-11,BIO205-01,BIO 205,01,INVERTEBRATE ZOOLOGY,3,TR,9:25 AM,10:40 AM,In person,BY,120,BY 120,"Chester, C",BIO101 and CHM112,3,20
Fall 2026,FA,2026-08-24,2026-12-11,BIO207-01,BIO 207,01,INVERTEBRATE ZOOLOGY LAB,1,R,1:15 PM,3:05 PM,In person,BY,120,BY 120,"Chester, C",Coreq BIO205,3,20
Fall 2026,FA,2026-08-24,2026-12-11,BIO220-01,BIO 220,01,BIOLOGY OF WOMEN,3,TR,3:10 PM,4:25 PM,In person,BY,108,BY 108,"Fox, D",ENG123 or 290; Nat/Soc Sci cor,2,20
Fall 2026,FA,2026-08-24,2026-12-11,BIO240-01,BIO 240,01,BIOMEDICAL ANAT & PHYS I,3,TR,10:50 AM,12:05 PM,In person,BY,125,BY 125,"Fillmore, R","Sci Major, BIO101",7,16
Fall 2026,FA,2026-08-24,2026-12-11,BIO243-01,BIO 243,01,BIOMEDICAL ANAT & PHYS LAB I,1,M,1:15 PM,3:05 PM,In person,BY,105,BY 105,"Fillmore, R",Coreq BIO240,7,16
Fall 2026,FA,2026-08-24,2026-12-11,BIO301-01,BIO 301,01,GENETICS,3,MWF,11:15 AM,12:05 PM,In person,BY,108,BY 108,"Culberson, D","BIO101&254, or 241",23,32
Fall 2026,FA,2026-08-24,2026-12-11,BIO302-01,BIO 302,01,GENETICS LAB,1,R,1:15 PM,3:05 PM,In person,BY,117,BY 117,"Culberson, D",Coreq BIO301,16,16
Fall 2026,FA,2026-08-24,2026-12-11,BIO302-02,BIO 302,02,GENETICS LAB,1,R,3:15 PM,5:05 PM,In person,BY,117,BY 117,"Culberson, D",Coreq BIO301,8,16
Fall 2026,FA,2026-08-24,2026-12-11,BIO310-01,BIO 310,01,ANIMAL BEHAVIOR,3,TR,10:50 AM,12:05 PM,In person,BY,120,BY 120,"Chester, C",BIO301 or permission,5,20
Fall 2026,FA,2026-08-24,2026-12-11,BIO322-01,BIO 322,01,DEVELOPMENTAL BIOLOGY,3,MWF,9:15 AM,10:05 AM,In person,BY,125,BY 125,"Fillmore, R","BIO101,241or254,&301",2,16
Fall 2026,FA,2026-08-24,2026-12-11,BIO324-01,BIO 324,01,DEVELOPMENTAL BIOLOGY LAB,1,M,3:15 PM,5:05 PM,In person,BY,125,BY 125,"Fillmore, R",Coreq BIO322,2,16
Fall 2026,FA,2026-08-24,2026-12-11,BIO330-01,BIO 330,01,ENTOMOLOGY,3,TR,8:00 AM,9:15 AM,In person,BY,120,BY 120,"Culberson, D",BIO101,12,16
Fall 2026,FA,2026-08-24,2026-12-11,BIO331-01,BIO 331,01,ENTOMOLOGY LABORATORY,1,T,1:15 PM,3:05 PM,In person,BY,120,BY 120,"Culberson, D",Coreq BIO330,12,16
Fall 2026,FA,2026-08-24,2026-12-11,BIO410-01,BIO 410,01,IMMUNOLOGY,3,WF,12:15 PM,1:30 PM,In person,BY,108,BY 108,"Fox, D",BIO301 and Junior standing,12,20
Fall 2026,FA,2026-08-24,2026-12-11,BIO462-01,BIO 462,01,GENERAL PHYSIOLOGY,3,TR,9:25 AM,10:40 AM,In person,BY,125,BY 125,"Fillmore, R",BIO241 and 360,11,16
Fall 2026,FA,2026-08-24,2026-12-11,BIO464-01,BIO 464,01,GENERAL PHYSIOLOGY LAB,1,W,1:30 PM,3:05 PM,In person,BY,105,BY 105,"Fillmore, R",Coreq BIO462,11,16
Fall 2026,FA,2026-08-24,2026-12-11,BUS210-01,BUS 210,01,BUSINESS COMMUNICATION,3,TR,9:25 AM,10:40 AM,In person,YH,203,YH 203,"Larriviere, N",ENG123 + 1 ENG2xx,24,25
Fall 2026,FA,2026-08-24,2026-12-11,BUS210-02,BUS 210,02,BUSINESS COMMUNICATION,3,TR,10:50 AM,12:05 PM,In person,YH,203,YH 203,"Larriviere, N",ENG123 + 1 ENG2xx,13,25
Fall 2026,FA,2026-08-24,2026-12-11,BUS220-01,BUS 220,01,"BUSINESS,SOCIETY,SUSTAINABILITY",3,TR,10:50 AM,12:05 PM,In person,YH,206,YH 206,"Eads, J",,8,35
Fall 2026,FA,2026-08-24,2026-12-11,BUS220-02,BUS 220,02,"BUSINESS,SOCIETY,SUSTAINABILITY",3,T,6:00 PM,8:45 PM,In person,YH,206,YH 206,"Eads, J",,4,35
Fall 2026,FA,2026-08-24,2026-12-11,BUS263-01,BUS 263,01,BUSINESS STATISTICS,3,MWF,10:15 AM,11:05 AM,In person,BL,123,BL 123,"Biswas, A",,7,24
Fall 2026,FA,2026-08-24,2026-12-11,BUS263-02,BUS 263,02,BUSINESS STATISTICS,3,MWF,11:15 AM,12:05 PM,In person,BL,123,BL 123,"Biswas, A",,12,24
Fall 2026,FA,2026-08-24,2026-12-11,BUS301-01,BUS 301,01,BUSINESS LAW I,3,TR,8:00 AM,9:15 AM,In person,YH,206,YH 206,"Sharp, A",Junior standing,6,20
Fall 2026,FA,2026-08-24,2026-12-11,BUS301-02,BUS 301,02,BUSINESS LAW I,3,TR,9:25 AM,10:40 AM,In person,YH,206,YH 206,"Sharp, A",Junior standing,10,20
Fall 2026,FA,2026-08-24,2026-12-11,BUS496-01,BUS 496,01,BUSINESS INTERNSHIP,1,,,,Online,OLC,OLC,OLC OLC,"Larriviere, N",By permission,1,10
Fall 2026,FA,2026-08-24,2026-12-11,BUS496-02,BUS 496,02,BUSINESS INTERNSHIP,2,,,,Online,OLC,OLC,OLC OLC,"Larriviere, N",By permission,0,10
Fall 2026,FA,2026-08-24,2026-12-11,BUS496-03,BUS 496,03,BUSINESS INTERNSHIP,3,,,,Online,OLC,OLC,OLC OLC,"Larriviere, N",By permission,0,10
Fall 2026,FA,2026-08-24,2026-12-11,BUS499-01,BUS 499,01,BUSINESS STRATEGY AND POLICY,3,MW,1:45 PM,3:00 PM,Online,OLC,OLC,OLC OLC,"McGonagle Crider, T",Senior standing,12,18
Fall 2026,FA,2026-08-24,2026-12-11,CFE450-01,CFE 450,01,MARKET DEFINITION,3,TR,3:10 PM,4:25 PM,In person,LAC,017,LAC 017,"Puto, C",By permission,0,15
Fall 2026,FA,2026-08-24,2026-12-11,CHM111-01,CHM 111,01,GENERAL CHEMISTRY I,3,MWF,11:15 AM,12:05 PM,In person,CH,103,CH 103,"SHC, S",MTH111 or 121; Coreq CHM113,22,40
Fall 2026,FA,2026-08-24,2026-12-11,CHM113-01,CHM 113,01,GENERAL CHEMISTRY I LAB,1,T,1:45 PM,4:45 PM,In person,CH,101,CH 101,"Owens, J",Coreq CHM111,12,15
Fall 2026,FA,2026-08-24,2026-12-11,CHM113-02,CHM 113,02,GENERAL CHEMISTRY I LAB,1,R,1:45 PM,4:45 PM,In person,CH,101,CH 101,"Owens, J",Coreq CHM111,11,15
Fall 2026,FA,2026-08-24,2026-12-11,CHM115-01,CHM 115,01,GENERAL CHEMISTRY I RECITATION,0,M,1:45 PM,2:35 PM,In person,CH,101,CH 101,"Santiago-Mora, P",Coreq CHM111,9,16
Fall 2026,FA,2026-08-24,2026-12-11,CHM115-02,CHM 115,02,GENERAL CHEMISTRY I RECITATION,0,M,2:45 PM,3:35 PM,In person,CH,101,CH 101,"Santiago-Mora, P",Coreq CHM111,1,16
Fall 2026,FA,2026-08-24,2026-12-11,CHM115-03,CHM 115,03,GENERAL CHEMISTRY I RECITATION,0,M,3:45 PM,4:35 PM,In person,CH,101,CH 101,"Santiago-Mora, P",Coreq CHM111,4,16
Fall 2026,FA,2026-08-24,2026-12-11,CHM115-04,CHM 115,04,GENERAL CHEMISTRY I RECITATION,0,M,4:45 PM,5:35 PM,In person,CH,101,CH 101,"Santiago-Mora, P",Coreq CHM111,5,16
Fall 2026,FA,2026-08-24,2026-12-11,CHM115-05,CHM 115,05,GENERAL CHEMISTRY I RECITATION,0,M,9:15 AM,10:05 AM,In person,CH,,CH,"Santiago-Mora, P",Coreq CHM111,0,16
Fall 2026,FA,2026-08-24,2026-12-11,CHM231-01,CHM 231,01,ORGANIC CHEMISTRY I,3,MWF,9:15 AM,10:05 AM,In person,CH,103,CH 103,"Santiago-Mora, P",CHM112,13,25
Fall 2026,FA,2026-08-24,2026-12-11,CHM233-01,CHM 233,01,ORGANIC CHEMISTRY LAB I,1,M,4:30 PM,7:30 PM,In person,CH,103,CH 103,"Perkins, A",Coreq CHM231,9,20
Fall 2026,FA,2026-08-24,2026-12-11,CHM233-02,CHM 233,02,ORGANIC CHEMISTRY LAB I,1,W,4:30 PM,7:30 PM,In person,CH,103,CH 103,"Perkins, A",Coreq CHM231,4,20
Fall 2026,FA,2026-08-24,2026-12-11,CHM302-01,CHM 302,01,INSTRUMENTAL ANALYSIS,3,TR,1:15 PM,2:30 PM,In person,CH,103,CH 103,"Santiago-Mora, P",CHM351,2,10
Fall 2026,FA,2026-08-24,2026-12-11,CHM304-01,CHM 304,01,INSTRUMENTAL ANALYSIS LAB,2,MW,1:45 PM,4:45 PM,In person,CH,118,CH 118,"Santiago-Mora, P",Coreq CHM302,2,10
Fall 2026,FA,2026-08-24,2026-12-11,CHM461-01,CHM 461,01,BIOCHEMISTRY I,3,TR,10:50 AM,12:05 PM,In person,CH,101,CH 101,"Santiago-Mora, P",CHM231,12,20
Fall 2026,FA,2026-08-24,2026-12-11,CIS381-01,CIS 381,01,INFORMATION SYSTEMS,3,TR,1:45 PM,3:00 PM,In person,BL,031,BL 031,"Khoury, S",Junior standing,14,15
Fall 2026,FA,2026-08-24,2026-12-11,CMM215-01,CMM 215,01,PODCASTING,3,MWF,9:15 AM,10:05 AM,In person,LAC,IMC,LAC IMC,"Ford-Madrid, L",,7,10
Fall 2026,FA,2026-08-24,2026-12-11,CMM234-01,CMM 234,01,MEDIA LITERACY,3,TR,9:25 AM,10:40 AM,In person,BL,103,BL 103,"Mandyck, M",,2,20
Fall 2026,FA,2026-08-24,2026-12-11,CMM251-01,CMM 251,01,INTRODUCTION TO MEDIA WRITING,3,MWF,11:15 AM,12:05 PM,In person,BL,029,BL 029,"Noble, P",ENG123,4,10
Fall 2026,FA,2026-08-24,2026-12-11,CMM252-01,CMM 252,01,INTRO TO MEDIA PRODUCTION LAB,3,TR,3:10 PM,4:25 PM,In person,LAC,IMC,LAC IMC,"Noble, P",,9,20
Fall 2026,FA,2026-08-24,2026-12-11,CMM254-02,CMM 254,02,INTRO TO PHOTOGRAPHY,3,TR,1:45 PM,3:00 PM,In person,LAC,204,LAC 204,"Dollison, R",Camera may be borrowed,4,5
Fall 2026,FA,2026-08-24,2026-12-11,CMM260-01,CMM 260,01,VISUAL COMMUNICATION,3,MW,1:45 PM,3:00 PM,In person,BL,030,BL 030,"SHC, S",,7,15
Fall 2026,FA,2026-08-24,2026-12-11,CMM299-01,CMM 299,01,BASIC TV PRODUCTION,1,W,12:15 PM,1:05 PM,In person,LAC,IMC,LAC IMC,"Rowan, W",,3,12
Fall 2026,FA,2026-08-24,2026-12-11,CMM299-02,CMM 299,02,SPORTS BROADCASTING,1,F,12:15 PM,1:05 PM,In person,LAC,IMC,LAC IMC,"Rowan, W",,0,6
Fall 2026,FA,2026-08-24,2026-12-11,CMM315-01,CMM 315,01,CRISIS COMMUNICATION,3,TR,3:10 PM,4:25 PM,In person,LAC,326,LAC 326,"Barrett, L","CMM220, BUS210",9,10
Fall 2026,FA,2026-08-24,2026-12-11,CMM331-01,CMM 331,01,SCRIPTWRITING FOR FILM AND TV,3,TR,1:45 PM,3:00 PM,In person,BL,029,BL 029,"Noble, P",ENG123,0,12
Fall 2026,FA,2026-08-24,2026-12-11,CMM366-01,CMM 366,01,STRATEGIC PLANNING PR/ADVERTISE,3,,,,Online,OLC,OLC,OLC OLC,"Kiernan, T",CMM220 or 221,9,20
Fall 2026,FA,2026-08-24,2026-12-11,CMM373-01,CMM 373,01,STUDENT MEDIA CONTENT,3,MWF,10:15 AM,11:05 AM,In person,LAC,215,LAC 215,"Ford-Madrid, L",,2,12
Fall 2026,FA,2026-08-24,2026-12-11,CMM429-01,CMM 429,01,ADV DIGITAL VIDEO PRODUCTION,3,W,4:35 PM,9:00 PM,In person,LAC,IMC,LAC IMC,"Noble, P",CMM253 or permission,3,12
Fall 2026,FA,2026-08-24,2026-12-11,CMM472-01,CMM 472,01,STUDENT AGENCY,3,TR,3:10 PM,4:25 PM,In person,YH,107,YH 107,"Wellborn, S",CMM/MKT366,2,10
Fall 2026,FA,2026-08-24,2026-12-11,CMM473-01,CMM 473,01,STUDENT MEDIA MANAGEMENT,3,MWF,10:15 AM,11:05 AM,In person,LAC,215,LAC 215,"Ford-Madrid, L",,1,7
Fall 2026,FA,2026-08-24,2026-12-11,CMM490-01,CMM 490,01,CMM ARTS/GRAPH DESIGN INTERNSHIP,1,,,,Online,OLC,OLC,OLC OLC,"Larriviere, N",By permission,1,5
Fall 2026,FA,2026-08-24,2026-12-11,CMM490-02,CMM 490,02,CMM ARTS/GRAPH DESIGN INTERNSHIP,2,,,,Online,OLC,OLC,OLC OLC,"Larriviere, N",By permission,0,5
Fall 2026,FA,2026-08-24,2026-12-11,CMM490-03,CMM 490,03,CMM ARTS/GRAPH DESIGN INTERNSHIP,3,,,,Online,OLC,OLC,OLC OLC,"Larriviere, N",By permission,1,5
Fall 2026,FA,2026-08-24,2026-12-11,CSC100-01,CSC 100,01,COMPUTER SCIENCE: FOUNDATIONS,4,MTRF,10:15 AM,11:05 AM,In person,BL,031,BL 031,"Adhya, P",MTH111,1,30
Fall 2026,FA,2026-08-24,2026-12-11,CSC202-01,CSC 202,01,COMPUTER SCIENCE:DATA STRUCTURES,4,MTRF,11:15 AM,12:05 PM,In person,BL,031,BL 031,"Adhya, P",CSC101,10,15
Fall 2026,FA,2026-08-24,2026-12-11,CSC210-01,CSC 210,01,COMPUTER SCIENCE: COMPUTE ARCHT.,4,MTRF,9:15 AM,10:05 AM,In person,BL,031,BL 031,"Palit, P",CSC101,2,15
Fall 2026,FA,2026-08-24,2026-12-11,CSC311-01,CSC 311,01,OS: DESIGN AND IMPLEMENTATION,4,MTRF,8:15 AM,9:05 AM,In person,BL,031,BL 031,"Palit, P",CSC210,4,15
Fall 2026,FA,2026-08-24,2026-12-11,CSC320-01,CSC 320,01,AUTOMATA,3,MWF,1:45 PM,2:35 PM,In person,BL,116,BL 116,"Bressie, P",MTH201 & CSC203,4,15
Fall 2026,FA,2026-08-24,2026-12-11,CSC341-01,CSC 341,01,DATA SCIENCE 1,3,TR,1:45 PM,3:00 PM,In person,BL,,BL,"Palit, P",CSC100 or CSC101 + MTH163,11,20
Fall 2026,FA,2026-08-24,2026-12-11,CSC431-01,CSC 431,01,SENIOR SOFTWARE ARCHITECTURE SEM,1,,,,Online,OLC,OLC,OLC OLC,"Palit, P",CSC330,2,5
Fall 2026,FA,2026-08-24,2026-12-11,DSC240-01,DSC 240,01,DATA VISUALIZATION,3,MW,1:45 PM,3:00 PM,In person,BL,,BL,"Adhya, P",CSC100 or 101,4,20
Fall 2026,FA,2026-08-24,2026-12-11,DSC443-01,DSC 443,01,"AI, MACHINE LEARNING, DEEP LEARNING",3,TR,3:10 PM,4:25 PM,In person,BL,031,BL 031,"Palit, P",CSC341 and DSC442,7,20
Fall 2026,FA,2026-08-24,2026-12-11,ECO101-01,ECO 101,01,PRINCIPLES OF MACROECONOMICS,3,TR,9:25 AM,10:40 AM,In person,QH,129,QH 129,"Larriviere, J",,14,38
Fall 2026,FA,2026-08-24,2026-12-11,ECO101-02,ECO 101,02,PRINCIPLES OF MACROECONOMICS,3,TR,10:50 AM,12:05 PM,In person,QH,129,QH 129,"Larriviere, J",,9,38
Fall 2026,FA,2026-08-24,2026-12-11,ECO301-01,ECO 301,01,MANAGERIAL ECONOMICS,3,MW,1:45 PM,3:00 PM,In person,YH,107,YH 107,"Larriviere, J","ECO101/102, BUS263",12,35
Fall 2026,FA,2026-08-24,2026-12-11,EDU131-01,EDU 131,01,HUMAN DEVELOPMENT,3,TR,9:25 AM,10:40 AM,In person,LAC,192,LAC 192,"Raftery, E",Non-educ permission,4,18
Fall 2026,FA,2026-08-24,2026-12-11,EDU230-01,EDU 230,01,"CLASSRM MGT,SOC-EMOTIONAL LRNG",3,TR,1:45 PM,3:00 PM,In person,LAC,291,LAC 291,"Bailey, C",Non-educ permission,6,18
Fall 2026,FA,2026-08-24,2026-12-11,EDU275-01,EDU 275,01,INTEGRATED ARTS IN ELEM EDUC,3,TR,10:50 AM,12:05 PM,In person,LAC,192,LAC 192,"Raftery, E",Non-educ permission,6,18
Fall 2026,FA,2026-08-24,2026-12-11,EDU325-01,EDU 325,01,TEACHING METHODS: LITERACY I,3,MWF,9:15 AM,10:05 AM,In person,LAC,291,LAC 291,"Dannelley, P",Non-educ permission,9,18
Fall 2026,FA,2026-08-24,2026-12-11,EDU326-01,EDU 326,01,TEACHING METHODS: LITERACY II,3,MWF,10:15 AM,11:05 AM,In person,LAC,291,LAC 291,"Dannelley, P",Adm Teacher Educ,9,18
Fall 2026,FA,2026-08-24,2026-12-11,EDU331-01,EDU 331,01,EDUCATIONAL TECHNOLOGY,3,,,,Online,OLC,OLC,OLC OLC,"Bailey, C",Adm Teacher Educ,7,18
Fall 2026,FA,2026-08-24,2026-12-11,EDU374-01,EDU 374,01,"TCHNG METHODS:SOC SCI,SCI,HEALTH",3,TR,9:25 AM,10:40 AM,In person,LAC,291,LAC 291,"Bailey, C",Adm Teacher Educ,9,18
Fall 2026,FA,2026-08-24,2026-12-11,EDU375-01,EDU 375,01,TEACHING METHODS: MATHEMATICS I,3,MWF,11:15 AM,12:05 PM,In person,LAC,192,LAC 192,"Dannelley, P",Adm Teacher Educ,9,18
Fall 2026,FA,2026-08-24,2026-12-11,EDU378-01,EDU 378,01,"FND INSTR,PLAN,LRNG ENVIRONMENTS",3,TR,10:50 AM,12:05 PM,In person,LAC,291,LAC 291,"Bailey, C",Adm Teacher Educ,9,18
Fall 2026,FA,2026-08-24,2026-12-11,EDU490-01,EDU 490,01,INTERN IN ELEMENTARY EDUCATION,3,T,3:30 PM,6:30 PM,In person,LAC,291,LAC 291,"Dannelley, P",By permission,9,9
Fall 2026,FA,2026-08-24,2026-12-11,EDU499-01,EDU 499,01,INTERN IN ELEMENTARY EDUCATION,9,,,,In person,LAC,,LAC,"Dannelley, P",By permission,9,9
Fall 2026,FA,2026-08-24,2026-12-11,ENG105-01,ENG 105,01,COLLEGE COMPOSITION,3,MWF,9:15 AM,10:05 AM,In person,LAC,391,LAC 391,"Tumminia, A",,1,16
Fall 2026,FA,2026-08-24,2026-12-11,ENG105-02,ENG 105,02,COLLEGE COMPOSITION,3,MWF,10:15 AM,11:05 AM,In person,LAC,391,LAC 391,"Tumminia, A",,2,16
Fall 2026,FA,2026-08-24,2026-12-11,ENG105-03,ENG 105,03,COLLEGE COMPOSITION,3,MWF,11:15 AM,12:05 PM,In person,LAC,391,LAC 391,"Tumminia, A",,3,16
Fall 2026,FA,2026-08-24,2026-12-11,ENG121-01,ENG 121,01,COMPOSITION I,3,MWF,8:15 AM,9:05 AM,In person,,,,"Troyke, A",,0,20
Fall 2026,FA,2026-08-24,2026-12-11,ENG121-02,ENG 121,02,COMPOSITION I,3,MWF,9:15 AM,10:05 AM,In person,,,,"Troyke, A",,3,20
Fall 2026,FA,2026-08-24,2026-12-11,ENG121-03,ENG 121,03,COMPOSITION I,3,TR,9:25 AM,10:40 AM,In person,LAC,391,LAC 391,"Arbour, R",,2,20
Fall 2026,FA,2026-08-24,2026-12-11,ENG121-04,ENG 121,04,COMPOSITION I,3,TR,8:00 AM,9:15 AM,In person,,,,"Arbour, R",,0,20
Fall 2026,FA,2026-08-24,2026-12-11,ENG121-05,ENG 121,05,COMPOSITION I,3,TR,1:45 PM,3:00 PM,In person,,,,"Gervase, M",,2,20
Fall 2026,FA,2026-08-24,2026-12-11,ENG123-01,ENG 123,01,COMPOSITION II,3,TR,10:50 AM,12:05 PM,In person,LAC,390,LAC 390,"Swender, C",ENG121,8,20
Fall 2026,FA,2026-08-24,2026-12-11,ENG123-02,ENG 123,02,COMPOSITION II,3,TR,1:45 PM,3:00 PM,In person,LAC,390,LAC 390,"Swender, C",ENG121,6,20
Fall 2026,FA,2026-08-24,2026-12-11,ENG190-01,ENG 190,01,HONORS COMPOSITION,3,WF,12:15 PM,1:30 PM,In person,LAC,,LAC,"Arbour, R",Honors Program,1,20
Fall 2026,FA,2026-08-24,2026-12-11,ENG242-01,ENG 242,01,INTRO TO DRAMA & THEATER,3,MW,1:45 PM,3:00 PM,In person,LAC,390,LAC 390,"Tumminia, A",ENG123,23,25
Fall 2026,FA,2026-08-24,2026-12-11,ENG243-01,ENG 243,01,INTRO NON-FICTION PROSE,3,TR,10:50 AM,12:05 PM,In person,LAC,391,LAC 391,"Williams, M",ENG123,8,25
Fall 2026,FA,2026-08-24,2026-12-11,ENG276-01,ENG 276,01,INTRO TO CREATIVE WRITING,3,WF,12:15 PM,1:30 PM,In person,LAC,391,LAC 391,"Swender, C",ENG276,17,16
Fall 2026,FA,2026-08-24,2026-12-11,ENG318-01,ENG 318,01,AMERICAN LITERATURE,3,TR,10:50 AM,12:05 PM,In person,LAC,,LAC,"Litwiller Berte, L",2 ENG2xx or perm,4,12
Fall 2026,FA,2026-08-24,2026-12-11,ENG495-01,ENG 495,01,NATURE AND THE IMAGINATION,3,MW,1:45 PM,3:00 PM,In person,LAC,,LAC,"Swender, C",2 ENG2xx or perm,4,6
Fall 2026,FA,2026-08-24,2026-12-11,ENG496-01,ENG 496,01,SPECIAL STUDIES IN DIVERSITY,3,MWF,10:15 AM,11:05 AM,In person,LAC,390,LAC 390,"Arbour, R",2 ENG2xx or perm,4,12
Fall 2026,FA,2026-08-24,2026-12-11,ENT201-01,ENT 201,01,ENTREPRENEURIAL MARKETS & OPPORT,3,TR,1:45 PM,3:00 PM,In person,YH,206,YH 206,"Wellborn, S",ENT101,6,35
Fall 2026,FA,2026-08-24,2026-12-11,EXS200-01,EXS 200,01,INTRODUCTION TO EXERCISE SCIENCE,2,MW,8:15 AM,9:05 AM,In person,BY,,BY,"Carr, B",,0,20
Fall 2026,FA,2026-08-24,2026-12-11,EXS310-01,EXS 310,01,KINESIOLOGY,3,MWF,9:15 AM,10:05 AM,In person,BY,,BY,"Carr, B",HSC231/233; Coreq EXS312,0,20
Fall 2026,FA,2026-08-24,2026-12-11,EXS312-01,EXS 312,01,KINESIOLOGY LAB,1,M,3:15 PM,5:05 PM,In person,BY,105,BY 105,"Carr, B",Coreq EXS310,0,20
Fall 2026,FA,2026-08-24,2026-12-11,FIN301-01,FIN 301,01,FINANCIAL MANAGEMENT,3,MWF,9:15 AM,10:05 AM,In person,BL,123,BL 123,"Biswas, A",,17,35
Fall 2026,FA,2026-08-24,2026-12-11,FIN410-01,FIN 410,01,INVESTMENTS,3,TR,9:25 AM,10:40 AM,In person,BL,123,BL 123,"Biswas, A",FIN301 or permission,15,24
Fall 2026,FA,2026-08-24,2026-12-11,FRE101-01,FRE 101,01,ELEMENTARY FRENCH I,3,MW,1:45 PM,3:00 PM,In person,,,,"Gervase, M",,5,21
Fall 2026,FA,2026-08-24,2026-12-11,HCM301-01,HCM 301,01,FOUNDATIONS OF HEALTH CARE MGT,3,R,6:00 PM,8:45 PM,In person,YH,206,YH 206,"Eads, J",MGT301,8,35
Fall 2026,FA,2026-08-24,2026-12-11,HIS213-01,HIS 213,01,AMERICA TO 1876,3,MWF,9:15 AM,10:05 AM,In person,QH,,QH,"Wood, N",,8,25
Fall 2026,FA,2026-08-24,2026-12-11,HIS213-02,HIS 213,02,AMERICA TO 1876,3,MWF,10:15 AM,11:05 AM,In person,QH,,QH,"Wood, N",,10,25
Fall 2026,FA,2026-08-24,2026-12-11,HIS213-03,HIS 213,03,AMERICA TO 1876,3,MWF,11:15 AM,12:05 PM,In person,QH,,QH,"Wood, N",,3,25
Fall 2026,FA,2026-08-24,2026-12-11,HIS344-01,HIS 344,01,CIVIL WAR AND RECONSTRUCTION,3,TR,10:50 AM,12:05 PM,In person,QH,,QH,"Wood, N",HIS110 or 120,2,15
Fall 2026,FA,2026-08-24,2026-12-11,HIS495-01,HIS 495,01,SEMINAR TOPIC,3,TR,10:50 AM,12:05 PM,In person,QH,,QH,"Wood, N",By permission,1,5
Fall 2026,FA,2026-08-24,2026-12-11,HSC131-01,HSC 131,01,HUMAN ANATOMY&PHYS I RECITATION,0,M,2:30 PM,3:20 PM,In person,BY,108,BY 108,"Chester, C",Coreq HSC231,1,20
Fall 2026,FA,2026-08-24,2026-12-11,HSC131-02,HSC 131,02,HUMAN ANATOMY&PHYS I RECITATION,0,W,2:30 PM,3:20 PM,In person,BY,108,BY 108,"Chester, C",Coreq HSC231,0,20
Fall 2026,FA,2026-08-24,2026-12-11,HSC165-01,HSC 165,01,EMERGENCY MEDICAL RESPONDER,1,M,4:30 PM,6:30 PM,In person,BY,108,BY 108,"Fick, S",,7,20
Fall 2026,FA,2026-08-24,2026-12-11,HSC201-01,HSC 201,01,NORMAL AND THERAPUTIC NUTRITION,2,,,,Online,OLC,OLC,OLC OLC,"Radczenko, T",,14,20
Fall 2026,FA,2026-08-24,2026-12-11,HSC204-01,HSC 204,01,DEVELOPMENTAL PSYCHOLOGY,3,MWF,9:15 AM,10:05 AM,In person,QH,,QH,"Brasfield, M",PSY101,12,20
Fall 2026,FA,2026-08-24,2026-12-11,HSC205-01,HSC 205,01,HEALTH SCIENCE SHADOWING,1,W,1:15 PM,4:30 PM,In person,BY,,BY,"Fox, D",3.3 GPA + permission,3,10
Fall 2026,FA,2026-08-24,2026-12-11,HSC231-01,HSC 231,01,ANATOMY & PHYSIOLOGY I,3,MWF,8:15 AM,9:05 AM,In person,BY,108,BY 108,"Chester, C",BIO101 or pre-nursing,1,20
Fall 2026,FA,2026-08-24,2026-12-11,HSC231-02,HSC 231,02,ANATOMY & PHYSIOLOGY I,3,MWF,10:15 AM,11:05 AM,In person,BY,108,BY 108,"Chester, C",BIO101 or pre-nursing,5,20
Fall 2026,FA,2026-08-24,2026-12-11,HSC233-01,HSC 233,01,ANATOMY & PHYSIOLOGY LAB I,1,T,1:15 PM,3:05 PM,In person,BY,105,BY 105,"Chester, C",Coreq HSC231,5,20
Fall 2026,FA,2026-08-24,2026-12-11,HSC233-02,HSC 233,02,ANATOMY & PHYSIOLOGY LAB I,1,T,5:15 PM,7:05 PM,In person,BY,105,BY 105,"Chester, C",Coreq HSC231,1,20
Fall 2026,FA,2026-08-24,2026-12-11,ITA101-01,ITA 101,01,ELEMENTARY ITALIAN I,3,WF,12:15 PM,1:30 PM,In person,,,,"Gervase, M",,4,21
Fall 2026,FA,2026-08-24,2026-12-11,MGT301-01,MGT 301,01,MANAGEMENT PRINCIPLES,3,MWF,8:15 AM,9:05 AM,In person,YH,107,YH 107,"Gapud, S","ECO101/102,ACC201",10,35
Fall 2026,FA,2026-08-24,2026-12-11,MGT320-01,MGT 320,01,ORGANIZATIONL THEORY & BEHAVIOR,3,MWF,10:15 AM,11:05 AM,In person,YH,107,YH 107,"Gapud, S",MGT301,6,35
Fall 2026,FA,2026-08-24,2026-12-11,MGT351-01,MGT 351,01,ENTREPRENEURSHIP/SM BUSNS MGMT,3,MW,3:10 PM,4:25 PM,In person,YH,107,YH 107,"Wellborn, S",MGT301,17,35
Fall 2026,FA,2026-08-24,2026-12-11,MKT311-01,MKT 311,01,MARKETING PRINCIPLES,3,MWF,11:15 AM,12:05 PM,In person,YH,107,YH 107,"Wellborn, S","ECO101/102, ACC201",26,35
Fall 2026,FA,2026-08-24,2026-12-11,MKT422-01,MKT 422,01,MARKETING RESEARCH,3,TR,10:50 AM,12:05 PM,In person,YH,104,YH 104,"Gapud, S",MKT311 & BUS263,12,35
Fall 2026,FA,2026-08-24,2026-12-11,MKT472-01,MKT 472,01,STUDENT AGENCY,3,TR,3:10 PM,4:25 PM,In person,YH,107,YH 107,"Wellborn, S",MKT/CMM366,3,15
Fall 2026,FA,2026-08-24,2026-12-11,MTH100-01,MTH 100,01,INTERMEDIATE ALGEBRA,3,MWF,9:15 AM,10:05 AM,In person,BL,030,BL 030,"Quintana, P",Coreq MTH101,1,25
Fall 2026,FA,2026-08-24,2026-12-11,MTH101-01,MTH 101,01,INTERMEDIATE ALGEBRA RECITATION,0,W,3:30 PM,4:20 PM,In person,BL,123,BL 123,"Quintana, P",Coreq MTH100,1,25
Fall 2026,FA,2026-08-24,2026-12-11,MTH103-01,MTH 103,01,CONTEMPORARY MATHEMATICS,3,MWF,10:15 AM,11:05 AM,In person,BL,116,BL 116,"Rossillon, A",Satisfies Math core,7,25
Fall 2026,FA,2026-08-24,2026-12-11,MTH111-01,MTH 111,01,PRE-CALCULUS,3,MWF,9:15 AM,10:05 AM,In person,BL,116,BL 116,"Rossillon, A",MTH100 or equivalent,10,25
Fall 2026,FA,2026-08-24,2026-12-11,MTH121-01,MTH 121,01,CALCULUS I,4,MTRF,8:15 AM,9:05 AM,In person,BL,103,BL 103,"Barnes, M",MTH111 or equivalent,6,20
Fall 2026,FA,2026-08-24,2026-12-11,MTH163-01,MTH 163,01,BASIC STATISTICS FOR SCIENCES,3,TR,9:25 AM,10:50 AM,In person,BL,030,BL 030,"Barnes, M",MTH100 or equivalent,11,30
Fall 2026,FA,2026-08-24,2026-12-11,MTH163-02,MTH 163,02,BASIC STATISTICS FOR SCIENCES,3,TR,10:50 AM,12:05 PM,In person,BL,030,BL 030,"Barnes, M",MTH100 or equivalent,13,30
Fall 2026,FA,2026-08-24,2026-12-11,MTH223-01,MTH 223,01,CALCULUS III,4,MTRF,10:15 AM,11:05 AM,In person,BL,207,BL 207,"Bressie, P",MTH122,5,10
Fall 2026,FA,2026-08-24,2026-12-11,MTH322-01,MTH 322,01,DISCRETE MATHEMATICS,3,WF,12:15 PM,1:30 PM,In person,BL,103,BL 103,"Barnes, M",MTH121,10,20
Fall 2026,FA,2026-08-24,2026-12-11,MTH399-01,MTH 399,01,RECITATION ASSISTANT,1,,,,In person,BL,,BL,"Quintana, P",By permission,0,10
Fall 2026,FA,2026-08-24,2026-12-11,MTH451-01,MTH 451,01,BASIC REAL ANALYSIS,3,MWF,9:15 AM,10:05 AM,In person,BL,103,BL 103,"Barnes, M",MTH301 and 223,5,20
Fall 2026,FA,2026-08-24,2026-12-11,MTH491-01,MTH 491,01,SEMINAR,1,,,,In person,BL,,BL,"Palit, P",Senior math majors,1,1
Fall 2026,FA,2026-08-24,2026-12-11,NUR100-01,NUR 100,01,INTRO PROFESSIONAL NURSG/HEALTH,1,M,1:15 PM,2:15 PM,In person,QH,115,QH 115,"Clements, S",,0,25
Fall 2026,FA,2026-08-24,2026-12-11,NUR100-02,NUR 100,02,INTRO PROFESSIONAL NURSG/HEALTH,1,M,2:30 PM,3:30 PM,In person,QH,115,QH 115,"Clements, S",,0,25
Fall 2026,FA,2026-08-24,2026-12-11,NUR201-01,NUR 201,01,NORMAL/THERAPEUTIC NUTRITION,2,,,,Online,OLC,OLC,OLC OLC,"Radczenko, T",,14,20
Fall 2026,FA,2026-08-24,2026-12-11,NUR202-01,NUR 202,01,MED MATH,1,W,1:45 PM,2:45 PM,In person,QH,115,QH 115,"Radczenko, T",,15,25
Fall 2026,FA,2026-08-24,2026-12-11,NUR302-01,NUR 302,01,PHARMACOLOGY,3,MT,1:00 PM,2:30 PM,In person,QH,125,QH 125,"Radczenko, T",,4,25
Fall 2026,FA,2026-08-24,2026-12-11,PHL101-01,PHL 101,01,INTRODUCTORY LOGIC,3,TR,9:25 AM,10:40 AM,In person,LAC,,LAC,"DiFate, V",,8,25
Fall 2026,FA,2026-08-24,2026-12-11,PHL101-02,PHL 101,02,INTRODUCTORY LOGIC,3,TR,10:50 AM,12:05 PM,In person,LAC,,LAC,"DiFate, V",,5,25
Fall 2026,FA,2026-08-24,2026-12-11,PHL101-03,PHL 101,03,INTRODUCTORY LOGIC,3,MWF,10:15 AM,11:05 AM,In person,LAC,,LAC,"Dodsworth, C",,5,25
Fall 2026,FA,2026-08-24,2026-12-11,PHL190-01,PHL 190,01,HONORS LOGIC,3,MWF,9:15 AM,10:05 AM,In person,LAC,,LAC,"DiFate, V",Honors Program,2,20
Fall 2026,FA,2026-08-24,2026-12-11,PHL210-01,PHL 210,01,ETHICS,3,WF,12:15 PM,1:30 PM,In person,LAC,,LAC,"DiFate, V",PHL101/190,19,20
Fall 2026,FA,2026-08-24,2026-12-11,PHL313-01,PHL 313,01,BUSINESS ETHICS,3,TR,10:50 AM,12:05 PM,In person,,,,"Dodsworth, C",PHL101/190,16,25
Fall 2026,FA,2026-08-24,2026-12-11,PHL316-01,PHL 316,01,JUSTICE,3,MWF,9:15 AM,10:05 AM,In person,LAC,,LAC,"Dodsworth, C",PHL101/190,10,10
Fall 2026,FA,2026-08-24,2026-12-11,PHL318-01,PHL 318,01,CHRISTIAN MEDICAL ETHICS NURSES,3,R,1:45 PM,3:00 PM,In person,,,,"Dodsworth, C",PHL101/190; Nursing,15,20
Fall 2026,FA,2026-08-24,2026-12-11,PHL351-01,PHL 351,01,WESTERN POLITICAL PHILOSOPHY I,3,TR,1:45 PM,3:00 PM,In person,QH,,QH,"Hoffman, T",PHL101/190,5,10
Fall 2026,FA,2026-08-24,2026-12-11,PHY115-01,PHY 115,01,INTRODUCTION TO ASTRONOMY,3,MWF,11:15 AM,12:05 PM,In person,BL,030,BL 030,"Quintana, P",Fulfills Science core,11,25
Fall 2026,FA,2026-08-24,2026-12-11,PHY201-01,PHY 201,01,ALGEBRA-BASED PHYSICS I,3,MWF,10:15 AM,11:05 AM,In person,BL,030,BL 030,"Quintana, P",MTH111,10,10
Fall 2026,FA,2026-08-24,2026-12-11,PHY213-01,PHY 213,01,PHYSICS LABORATORY I,1,T,1:45 PM,4:45 PM,In person,BL,008,BL 008,"Quintana, P",Coreq PHY221 or 201,9,20
Fall 2026,FA,2026-08-24,2026-12-11,PHY213-02,PHY 213,02,PHYSICS LABORATORY I,1,W,1:45 PM,4:45 PM,In person,BL,008,BL 008,"Quintana, P",Coreq PHY221 or 201,13,20
Fall 2026,FA,2026-08-24,2026-12-11,PHY221-01,PHY 221,01,PHYSICS WITH CALCULUS I,3,WF,12:15 PM,1:30 PM,In person,BL,116,BL 116,"Adhya, P",MTH121,12,25
Fall 2026,FA,2026-08-24,2026-12-11,POL112-01,POL 112,01,INTRO TO AMERICAN POLITICS,3,MWF,10:15 AM,11:05 AM,In person,QH,,QH,"Hoffman, T",,1,30
Fall 2026,FA,2026-08-24,2026-12-11,POL112-02,POL 112,02,INTRO TO AMERICAN POLITICS,3,MWF,11:15 AM,12:05 PM,In person,QH,,QH,"Hoffman, T",,2,30
Fall 2026,FA,2026-08-24,2026-12-11,POL151-01,POL 151,01,INTRO TO COMPARATIVE POLITICS,3,TR,9:25 AM,10:40 AM,In person,QH,,QH,"Kravtsov, V",,6,30
Fall 2026,FA,2026-08-24,2026-12-11,POL151-02,POL 151,02,INTRO TO COMPARATIVE POLITICS,3,TR,10:50 AM,12:05 PM,In person,QH,,QH,"Kravtsov, V",,2,30
Fall 2026,FA,2026-08-24,2026-12-11,POL326-01,POL 326,01,POLITICS OF GOVERNMENT EFFICIENCY,3,MW,1:45 PM,3:00 PM,In person,QH,,QH,"Kravtsov, V",,4,20
Fall 2026,FA,2026-08-24,2026-12-11,POL340-01,POL 340,01,CONSTITUTIONAL LAW,3,TR,10:50 AM,12:05 PM,In person,QH,,QH,"Hoffman, T",POL112 or 283,8,20
Fall 2026,FA,2026-08-24,2026-12-11,POL381-01,POL 381,01,WESTERN POLITICAL PHILOSOPHY I,3,TR,1:45 PM,3:00 PM,In person,QH,,QH,"Hoffman, T",Sophomore standing,3,10
Fall 2026,FA,2026-08-24,2026-12-11,POL491-01,POL 491,01,SEMINAR: AMERICAN GOVT/POLITICS,3,TR,1:45 PM,3:00 PM,In person,QH,,QH,"Kravtsov, V",Senior standing,1,20
Fall 2026,FA,2026-08-24,2026-12-11,PSY101-01,PSY 101,01,INTRO TO PSYCHOLOGY,3,MWF,10:15 AM,11:05 AM,In person,QH,,QH,"Brasfield, M",,4,30
Fall 2026,FA,2026-08-24,2026-12-11,PSY101-02,PSY 101,02,INTRO TO PSYCHOLOGY,3,TR,10:50 AM,12:05 PM,In person,QH,301,QH 301,"Ludwikowski, W",,2,30
Fall 2026,FA,2026-08-24,2026-12-11,PSY150-01,PSY 150,01,CAREERS IN PSYCHOLOGY,1,M,9:15 AM,10:05 AM,In person,QH,,QH,"Ludwikowski, W",,9,30
Fall 2026,FA,2026-08-24,2026-12-11,PSY204-01,PSY 204,01,DEVELOPMENTAL PSYCHOLOGY,3,MWF,9:15 AM,10:05 AM,In person,QH,,QH,"Brasfield, M",PSY101,12,10
Fall 2026,FA,2026-08-24,2026-12-11,PSY250-01,PSY 250,01,RESEARCH METHODS,4,TR,10:50 AM,12:05 PM,In person,BL,,BL,"Brasfield, M",Prereq or Coreq PSY263/264,10,20
Fall 2026,FA,2026-08-24,2026-12-11,PSY263-01,PSY 263,01,STATISTICS FOR SOCIAL SCIENCES,3,TR,9:25 AM,10:40 AM,In person,QH,301,QH 301,"Ludwikowski, W",Prereq or Coreq PSY250,11,30
Fall 2026,FA,2026-08-24,2026-12-11,PSY264-01,PSY 264,01,SOCIAL STATISTICS LABORATORY,1,W,9:15 AM,10:05 AM,In person,BL,,BL,"Ludwikowski, W",Prereq/Coreq PSY263&250,7,20
Fall 2026,FA,2026-08-24,2026-12-11,PSY264-02,PSY 264,02,SOCIAL STATISTICS LABORATORY,1,F,9:15 AM,10:05 AM,In person,BL,,BL,"Ludwikowski, W",Prereq or Coreq PSY263&250,1,20
Fall 2026,FA,2026-08-24,2026-12-11,PSY324-01,PSY 324,01,HEALTH PSYCHOLOGY,3,,,,Online,OLC,OLC,OLC OLC,"Hoadley, R",PSY101 + 1 2xx PSY,21,30
Fall 2026,FA,2026-08-24,2026-12-11,PSY364-01,PSY 364,01,BIOLOGICAL PSYCHOLOGY,3,TR,1:45 PM,3:00 PM,In person,QH,,QH,"Brasfield, M",PSY101 + 1 2xx PSY,14,30
Fall 2026,FA,2026-08-24,2026-12-11,PSY380-01,PSY 380,01,LEARNING AND BEHAVIOR,3,MWF,11:15 AM,12:05 PM,In person,QH,,QH,"Brasfield, M",PSY101 + 1 2xx PSY,13,30
Fall 2026,FA,2026-08-24,2026-12-11,PSY428-01,PSY 428,01,FORENSIC PSYCHOLOGY,3,TR,3:10 PM,4:25 PM,In person,QH,,QH,"Hoadley, R",PSY101 + 1 2xx PSY,8,30
Fall 2026,FA,2026-08-24,2026-12-11,PSY446-01,PSY 446,01,FIELD EXPERIENCE,3,,,,In person,QH,,QH,"Ludwikowski, W",By permission,8,15
Fall 2026,FA,2026-08-24,2026-12-11,PSY446-02,PSY 446,02,FIELD EXPERIENCE,1,,,,In person,QH,,QH,"Ludwikowski, W",By permission,1,5
Fall 2026,FA,2026-08-24,2026-12-11,PSY499-01,PSY 499,01,CAPSTONE IN PSYCHOLOGY,3,MWF,8:15 AM,9:05 AM,In person,QH,,QH,"Ludwikowski, W",PSY250 + 4th yr standing,13,25
Fall 2026,FA,2026-08-24,2026-12-11,PTH101-01,PTH 101,01,COMMUNITY AND WELL-BEING,1,M,12:15 PM,1:05 PM,In person,,,,"SHC, S",,1,15
Fall 2026,FA,2026-08-24,2026-12-11,PTH101-02,PTH 101,02,COMMUNITY AND WELL-BEING,1,M,12:15 PM,1:05 PM,In person,,,,"SHC, S",,0,15
Fall 2026,FA,2026-08-24,2026-12-11,PTH101-03,PTH 101,03,COMMUNITY AND WELL-BEING,1,M,12:15 PM,1:05 PM,In person,,,,"SHC, S",,1,15
Fall 2026,FA,2026-08-24,2026-12-11,PTH101-04,PTH 101,04,COMMUNITY AND WELL-BEING,1,M,12:15 PM,1:05 PM,In person,,,,"SHC, S",,0,15
Fall 2026,FA,2026-08-24,2026-12-11,PTH101-05,PTH 101,05,COMMUNITY AND WELL-BEING,1,M,12:15 PM,1:05 PM,In person,,,,"SHC, S",,0,15
Fall 2026,FA,2026-08-24,2026-12-11,PTH101-06,PTH 101,06,COMMUNITY AND WELL-BEING,1,M,12:15 PM,1:05 PM,In person,,,,"SHC, S",,0,15
Fall 2026,FA,2026-08-24,2026-12-11,PTH101-07,PTH 101,07,COMMUNITY AND WELL-BEING,1,M,12:15 PM,1:05 PM,In person,,,,"SHC, S",,0,15
Fall 2026,FA,2026-08-24,2026-12-11,PTH101-08,PTH 101,08,COMMUNITY AND WELL-BEING,1,M,12:15 PM,1:05 PM,In person,,,,"SHC, S",,0,15
Fall 2026,FA,2026-08-24,2026-12-11,PTH101-09,PTH 101,09,COMMUNITY AND WELL-BEING,1,M,12:15 PM,1:05 PM,In person,,,,"SHC, S",,0,15
Fall 2026,FA,2026-08-24,2026-12-11,PTH205-01,PTH 205,01,PRE-PROFESSIONAL DEVELOPMENT,1,W,1:45 PM,2:35 PM,In person,LAC,017,LAC 017,"Thomas, K",,3,15
Fall 2026,FA,2026-08-24,2026-12-11,PTH301-01,PTH 301,01,INTERNSHIP I,3,,,,Online,OLC,OLC,OLC OLC,"Thomas, K",By permission; Jr status,0,5
Fall 2026,FA,2026-08-24,2026-12-11,SCM301-01,SCM 301,01,PRINCIPLES OF LOGISTICS AND SCM,3,MWF,10:15 AM,11:05 AM,In person,QH,229,QH 229,"Khoury, S",MGT301,15,35
Fall 2026,FA,2026-08-24,2026-12-11,SCM410-01,SCM 410,01,TRANSPORTATION MANAGEMENT,3,MWF,1:45 PM,2:35 PM,In person,BL,031,BL 031,"Khoury, S",,7,35
Fall 2026,FA,2026-08-24,2026-12-11,SOC101-01,SOC 101,01,INTRO TO SOCIOLOGY,3,MWF,8:15 AM,9:05 AM,In person,QH,301,QH 301,"Dorton, H",,4,30
Fall 2026,FA,2026-08-24,2026-12-11,SOC101-02,SOC 101,02,INTRO TO SOCIOLOGY,3,MWF,9:15 AM,10:05 AM,In person,QH,301,QH 301,"Dorton, H",,6,30
Fall 2026,FA,2026-08-24,2026-12-11,SOC253-01,SOC 253,01,CRIMINOLOGY,3,TR,9:25 AM,10:50 AM,In person,QH,325,QH 325,"SHC, S",,8,25
Fall 2026,FA,2026-08-24,2026-12-11,SOC299-01,SOC 299,01,SPECIAL TOPICS IN SOCIOLOGY,3,TR,1:45 PM,3:00 PM,In person,QH,325,QH 325,"SHC, S",SOC101 or permission,6,25
Fall 2026,FA,2026-08-24,2026-12-11,SOC345-01,SOC 345,01,SOCIOLOGICAL THEORY,3,WF,12:15 PM,1:30 PM,In person,QH,325,QH 325,"Dorton, H",SOC101,5,25
Fall 2026,FA,2026-08-24,2026-12-11,SOC354-01,SOC 354,01,JUVENILE DELINQUENCY,3,TR,8:00 AM,9:25 AM,In person,QH,325,QH 325,"SHC, S",SOC101 or permission,7,25
Fall 2026,FA,2026-08-24,2026-12-11,SOC385-01,SOC 385,01,SOCIOLOGY OF SPORT/LEISURE,3,MWF,10:15 AM,11:05 AM,In person,QH,325,QH 325,"Dorton, H",SOC101 or permission,10,25
Fall 2026,FA,2026-08-24,2026-12-11,SOC483-01,SOC 483,01,SOCIOLOGY OF LAW,3,TR,10:50 AM,12:05 PM,In person,QH,325,QH 325,"SHC, S",SOC101 or permission,8,25
Fall 2026,FA,2026-08-24,2026-12-11,SPA101-01,SPA 101,01,ELEMENTARY SPANISH I,3,T,6:00 PM,8:45 PM,In person,,,,"Balmori, F",,17,21
Fall 2026,FA,2026-08-24,2026-12-11,SPA107-01,SPA 107,01,SPAN FOR MEDICAL PERSONNEL I,3,,,,Online,OLC,OLC,OLC OLC,"Balmori, F",NUR/BSHS majors,21,21
Fall 2026,FA,2026-08-24,2026-12-11,SPA201-01,SPA 201,01,INTERMED SPANISH I,3,W,6:00 PM,8:45 PM,In person,,,,"Balmori, F",SPA102,3,21
Fall 2026,FA,2026-08-24,2026-12-11,SPA202-01,SPA 202,01,INTERMED SPANISH II,3,W,6:00 PM,8:45 PM,Online,OLC,OLC,OLC OLC,"Balmori, F",SPA201; Synchronous,2,2
Fall 2026,FA,2026-08-24,2026-12-11,SPA304-01,SPA 304,01,INTRO TO HISPANIC LIT AND FILM,3,M,6:00 PM,8:45 PM,Online,OLC,OLC,OLC OLC,"Balmori, F",,5,21
Fall 2026,FA,2026-08-24,2026-12-11,SPM401-01,SPM 401,01,SPORTS LAW,3,W,6:00 PM,8:45 PM,In person,YH,107,YH 107,"Dorgan, J",300-level courses in BAdmin,8,35
Fall 2026,FA,2026-08-24,2026-12-11,SPM410-01,SPM 410,01,SPORTS FACILITIES MANAGEMENT,3,,,,Online,OLC,OLC,OLC OLC,"Sainz, M",300-level courses in BAdmin,12,35
Fall 2026,FA,2026-08-24,2026-12-11,THL101-01,THL 101,01,INTRO TO CHRISTIAN THEOLOGY,3,MWF,9:15 AM,10:05 AM,In person,LAC,325,LAC 325,"Gilmore, G",,7,35
Fall 2026,FA,2026-08-24,2026-12-11,THL101-02,THL 101,02,INTRO TO CHRISTIAN THEOLOGY,3,TR,9:25 AM,10:40 AM,In person,LAC,325,LAC 325,"Viscardi, C",,8,35
Fall 2026,FA,2026-08-24,2026-12-11,THL101-03,THL 101,03,INTRO TO CHRISTIAN THEOLOGY,3,TR,1:45 PM,3:00 PM,In person,LAC,325,LAC 325,"Raftery, E",,10,35
Fall 2026,FA,2026-08-24,2026-12-11,THL242-01,THL 242,01,CATHOLICISM,3,MWF,9:15 AM,10:05 AM,In person,,,,"Wilson, S",THL101/190,3,20
Fall 2026,FA,2026-08-24,2026-12-11,THL242-02,THL 242,02,CATHOLICISM,3,MWF,11:15 AM,12:05 PM,In person,,,,"Wilson, S",THL101/190,3,20
Fall 2026,FA,2026-08-24,2026-12-11,THL250-01,THL 250,01,THE GOOD LIFE: CHRISTIAN ETHICS,3,,,,Online,OLC,OLC,OLC OLC,"Bagot, M",THL101/190,17,20
Fall 2026,FA,2026-08-24,2026-12-11,THL250-02,THL 250,02,THE GOOD LIFE: CHRISTIAN ETHICS,3,TR,3:10 PM,4:25 PM,In person,,,,"Bagot, M",THL101/190,0,20
Fall 2026,FA,2026-08-24,2026-12-11,THL261-01,THL 261,01,WORLD RELIGIONS,3,MW,1:45 PM,3:00 PM,In person,LAC,,LAC,"Gilmore, G",THL101/190,5,20
Fall 2026,FA,2026-08-24,2026-12-11,THL261-02,THL 261,02,WORLD RELIGIONS,3,TR,1:45 PM,3:00 PM,In person,LAC,,LAC,"Gilmore, G",THL101/190,0,20
Fall 2026,FA,2026-08-24,2026-12-11,THL344-31,THL 344,31,CHRISTOLOGY,3,,,,Online,OLC,OLC,OLC OLC,"Martocchio, M",By permission,1,3
Fall 2026,FA,2026-08-24,2026-12-11,THL354-01,THL 354,01,RELIGION AND INT'L POLITICS,3,MW,3:10 PM,4:25 PM,In person,LAC,,LAC,"Bagot, M",THL101/190 + 3 hrs THL,1,15
Fall 2026,FA,2026-08-24,2026-12-11,THL367-01,THL 367,01,THE WAY OF ZEN,3,TR,10:50 AM,12:05 PM,In person,LAC,,LAC,"Gilmore, G",THL101/190,5,20
Fall 2026,FA,2026-08-24,2026-12-11,THL388-01,THL 388,01,JUSTICE,3,MWF,9:15 AM,10:05 AM,In person,LAC,,LAC,"Dodsworth, C",THL101/190,2,10
Fall 2026,FA,2026-08-24,2026-12-11,THL388-03,THL 388,03,EUCHARISTIC THEOLOGY,3,TR,10:50 AM,12:05 PM,In person,,,,"Wilson, S",THL101/190,1,10
Fall 2026,FA,2026-08-24,2026-12-11,THL390-01,THL 390,01,HONORS RELIGION INT'L POLITICS,3,MW,3:10 PM,4:25 PM,In person,LAC,,LAC,"Bagot, M",THL190; Honors Program,3,10
Fall 2026,FA,2026-08-24,2026-12-11,THL390-02,THL 390,02,HONORS EUCHARISTIC THEOLOGY,3,TR,10:50 AM,12:05 PM,In person,,,,"Wilson, S",THL190; Honors Program,2,10
Fall 2026,FA,2026-08-24,2026-12-11,THL430-01,THL 430,01,INTRODUCTION TO BIBLICAL STUDIES,3,,,,In person,JACK,101,JACK 101,"Carmody, T",Jackson Diaconate program,1,20
Fall 2026,FA,2026-08-24,2026-12-11,THL431-31,THL 431,31,PROPHETS,1,,,,Online,OLC,OLC,OLC OLC,"Carmody, T",Jackson Diaconate program,1,3
Fall 2026,FA,2026-08-24,2026-12-11,THL432-31,THL 432,31,PHILO AND THE NEW TESTAMENT,1,,,,Online,OLC,OLC,OLC OLC,"Naveros-Cordova, N",By permission only,1,3
Fall 2026,FA,2026-08-24,2026-12-11,THL495-01,THL 495,01,RELIGION & INT'L POLITICS,3,MW,3:10 PM,4:25 PM,In person,LAC,,LAC,"Bagot, M",9 hours THL coursework,0,5
Fall 2026,FA,2026-08-24,2026-12-11,THL495-02,THL 495,02,EUCHARISTIC THEOLOGY,3,TR,10:50 AM,12:05 PM,In person,,,,"Wilson, S",9 hrs THL coursework,1,5
Fall 2026,FA,2026-08-24,2026-12-11,THL496-01,THL 496,01,SENIOR SEMINAR,3,TR,10:50 AM,12:05 PM,In person,,,,"Wilson, S",Senior standing,1,5
Fall 2026,FA,2026-08-24,2026-12-11,THR250-01,THR 250,01,ACTING I,3,MW,3:10 PM,4:25 PM,In person,THR,101,THR 101,"Browne, E",Fine Arts core,12,20
Fall 2026,FA,2026-08-24,2026-12-11,WRI251-01,WRI 251,01,INTRO TO MEDIA WRITING,3,MWF,11:15 AM,12:05 PM,In person,BL,029,BL 029,"Noble, P",ENG123,2,5
Fall 2026,FA,2026-08-24,2026-12-11,WRI331-01,WRI 331,01,SCRIPTWRITING FOR FILM & TV,3,TR,1:45 PM,3:00 PM,In person,BL,029,BL 029,"Noble, P",ENG123,1,6
Fall 2026,FA,2026-08-24,2026-12-11,WRI495-01,WRI 495,01,NATURE AND THE IMAGINATION,3,MW,1:45 PM,3:00 PM,In person,,,,"Swender, C",2 ENG2xx or perm,2,6
Fall 2026,F1,2026-08-24,2026-10-08,NUR340-01,NUR 340,01,COMMUNITY AS CLIENT,5,TF,9:00 AM,12:00 PM,In person,QH,115,QH 115,"Jackson, A",,14,25
Fall 2026,F1,2026-08-24,2026-10-08,NUR410-01,NUR 410,01,ADULT HEALTH II,5,MR,9:00 AM,12:00 PM,In person,QH,115,QH 115,"McCord, K",,15,25
Fall 2026,F2,2026-10-19,2026-12-11,NUR203-01,NUR 203,01,DEATH AND DYING,3,,,,Online,OLC,OLC,OLC OLC,"Clements, S",,2,25
Fall 2026,F2,2026-10-19,2026-12-11,NUR320-01,NUR 320,01,CHILDBEARING FAMILY,5,MT,9:00 AM,12:00 PM,In person,QH,125,QH 125,"Clements, S",,14,25
Fall 2026,F2,2026-10-19,2026-12-11,NUR445-01,NUR 445,01,ADULT HEALTH III,5,MR,9:00 AM,12:00 PM,In person,QH,115,QH 115,"McCord, K",,15,25
