category,sport
Men's Sports,Baseball
Men's Sports,Basketball
Men's Sports,Cross Country
Men's Sports,Golf
Men's Sports,Soccer
Men's Sports,Tennis
Men's Sports,Outdoor Track & Field
Women's Sports,Basketball
Women's Sports,Cross Country
Women's Sports,Flag Football
Women's Sports,Golf
Women's Sports,Soccer
Women's Sports,Softball
Women's Sports,Tennis
Women's Sports,Outdoor Track & Field
Women's Sports,Volleyball
Women's Sports,Beach Volleyball
Club Sports,Men's Bowling
Club Sports,Women's Bowling
Spirit Squads,Cheerleading
